<?xml version="1.0" encoding="UTF-8"?>
<beans xmlns="http://www.springframework.org/schema/beans"
	xmlns:xsi="http://www.w3.org/2001/XMLSchema-instance"
	xmlns:context="http://www.springframework.org/schema/context"
	xmlns:p="http://www.springframework.org/schema/p"
	xsi:schemaLocation="http://www.springframework.org/schema/beans
    http://www.springframework.org/schema/beans/spring-beans.xsd
    http://www.springframework.org/schema/context
    http://www.springframework.org/schema/context/spring-context.xsd">

	
<bean name="cardeal" class="com.naidu.springCore.set.Cardealer">
<property name="name" value="vizag dealers"></property>
<property name="models">
<set>
<value>Maruthi</value>
<value>Honda</value>
<value>TATA</value>

</set>
</property>
</bean>
	
</beans>