<?xml version="1.0" encoding="UTF-8"?>
<beans xmlns="http://www.springframework.org/schema/beans"
	xmlns:xsi="http://www.w3.org/2001/XMLSchema-instance"
	xmlns:context="http://www.springframework.org/schema/context"
	xmlns:p="http://www.springframework.org/schema/p"
	xsi:schemaLocation="http://www.springframework.org/schema/beans
    http://www.springframework.org/schema/beans/spring-beans.xsd
    http://www.springframework.org/schema/context
    http://www.springframework.org/schema/context/spring-context.xsd">

	
<bean name="product" class="com.naidu.springCore.map.Product" p:id="20">
<property name="products">
<map>
<entry key="100" value="Iphone"/>
<entry key="200">
<value>Nokia 8</value>
</entry>


</map>

</property>
</bean>
	
</beans>